Row,ID,Longitude,Latitude,Coverage_Start_Lon,Coverage_Start_Lat,Coverage_End_Lon,Coverage_End_Lat
9,1,-77.01115315,42.89455916,-77.01115324761831,42.894563650986505,-77.01115298228308,42.89455150003184
9,2,-77.01115282,42.89454384,-77.01115298228308,42.89455150003184,-77.01115263267943,42.894535490027195
9,3,-77.01115245,42.89452714,-77.01115263267943,42.894535490027195,-77.01115226014683,42.89451842999828
9,4,-77.01115207,42.89450972,-77.01115226014683,42.89451842999828,-77.01115191414657,42.89450258501
9,5,-77.01115176,42.89449545,-77.01115191414657,42.89450258501,-77.01115154838413,42.89448583501894
9,6,-77.01115134,42.89447622,-77.01115154838413,42.89448583501894,-77.0111511619863,42.89446814003532
9,7,-77.01115099,42.89446006,-77.0111511619863,42.89446814003532,-77.0111509850001,42.894460035
9,8,-77.01115098,42.89446001,-77.0111509850001,42.894460035,-77.01115078831776,42.89445102798534
9,11,-77.01114955,42.89439434,-77.01114974658152,42.89440332195724,-77.01114937651765,42.89438637498221
9,12,-77.0111492,42.89437841,-77.01114937651765,42.89438637498221,-77.01114903772289,42.89437085996809
9,13,-77.01114887,42.89436331,-77.01114903772289,42.89437085996809,-77.01114869095854,42.89435497998877
9,14,-77.01114851,42.89434665,-77.01114869095854,42.89435497998877,-77.01114832181102,42.894338074978776
9,15,-77.01114813,42.8943295,-77.01114832181102,42.894338074978776,-77.0111479384264,42.89432051798406
9,18,-77.01114704,42.89427936,-77.0111472358124,42.89428834196625,-77.0111468650936,42.8942713649989
9,19,-77.01114669,42.89426337,-77.0111468650936,42.8942713649989,-77.01114650872104,42.89425504501499
9,20,-77.01114633,42.89424672,-77.01114650872104,42.89425504501499,-77.01114613079673,42.894237738073485
9,24,-77.0111449,42.89418129,-77.01114509429993,42.89419027198398,-77.01114472991338,42.89417358500101
9,25,-77.01114456,42.89416588,-77.01114472991338,42.89417358500101,-77.01114438052804,42.89415758499381
9,26,-77.0111442,42.89414929,-77.01114438052804,42.89415758499381,-77.01114402502874,42.894141304999664
9,27,-77.01114385,42.89413332,-77.01114402502874,42.894141304999664,-77.01114366767253,42.89412493996868
9,28,-77.01114348,42.89411656,-77.01114366767253,42.89412493996868,-77.01114328854622,42.89410757798266
9,31,-77.01114236,42.89406527,-77.01114256081891,42.89407425190758,-77.01114216854832,42.894056287982636
9,34,-77.01114136,42.8940193,-77.01114155699256,42.89402828195242,-77.01114112549492,42.89400852163498
9,35,-77.01113873,42.89389882,-77.01113896534936,42.893909598355116,-77.01113852177481,42.8938892849792
9,36,-77.01113831,42.89387975,-77.01113852177481,42.8938892849792,-77.01113813242853,42.89387145497154
9,37,-77.01113795,42.89386316,-77.01113813242853,42.89387145497154,-77.01113779385335,42.89385595001344
9,38,-77.01113764,42.89384874,-77.01113779385335,42.89385595001344,-77.01113744027698,42.89383975807958
9,40,-77.01113688,42.89381405,-77.01113707503616,42.89382303197536,-77.01113668276558,42.89380506805041
9,42,-77.01113617,42.89378171,-77.01113636884037,42.89379069193077,-77.01113597656979,42.89377272800582
9,44,-77.0111355,42.89375094,-77.01113569692947,42.89375992195316,-77.01113529804229,42.89374165502294
9,45,-77.0111351,42.89373237,-77.01113529804229,42.89374165502294,-77.01113492758492,42.89372469002831
9,46,-77.01113476,42.89371701,-77.01113492758492,42.89372469002831,-77.01113457197518,42.893708404976856
9,47,-77.01113438,42.8936998,-77.01113457197518,42.893708404976856,-77.01113420293683,42.89369150496558
9,48,-77.01113402,42.89368321,-77.01113420293683,42.89369150496558,-77.01113385519008,42.89367557999777
9,49,-77.01113369,42.89366795,-77.01113385519008,42.89367557999777,-77.01113349244214,42.893658968054204
9,51,-77.01113295,42.89363435,-77.01113315100221,42.89364333190543,-77.01113277013071,42.89362588999847
9,52,-77.01113259,42.89361743,-77.01113277013071,42.89362588999847,-77.01113242249313,42.89360997002938
9,53,-77.01113226,42.89360251,-77.01113242249313,42.89360997002938,-77.01113207802103,42.8935941950232
9,54,-77.0111319,42.89358588,-77.01113207802103,42.8935941950232,-77.01113167732007,42.89357584503141
9,55,-77.01113146,42.89356581,-77.01113167732007,42.89357584503141,-77.01113130871833,42.893558965015025
9,56,-77.01113116,42.89355212,-77.01113130871833,42.893558965015025,-77.01113096992357,42.8935434500009
9,57,-77.01113078,42.89353478,-77.01113096992357,42.8935434500009,-77.0111306030696,42.89352665002263
9,58,-77.01113043,42.89351852,-77.0111306030696,42.89352665002263,-77.01113025477581,42.89351070000263
9,59,-77.01113008,42.89350288,-77.01113025477581,42.89351070000263,-77.0111299076827,42.89349480496856
9,60,-77.01112973,42.89348673,-77.0111299076827,42.89349480496856,-77.01112954552367,42.89347821999386
9,61,-77.01112936,42.89346971,-77.01112954552367,42.89347821999386,-77.01112919046099,42.893461959994596
9,62,-77.01112902,42.89345421,-77.01112919046099,42.893461959994596,-77.01112882509204,42.89344522802315
9,65,-77.01112788,42.89340211,-77.01112807967651,42.89341109192097,-77.0111277360358,42.89339535498786
9,66,-77.01112759,42.8933886,-77.0111277360358,42.89339535498786,-77.01112741045263,42.8933804449947
9,67,-77.01112723,42.89337229,-77.01112741045263,42.8933804449947,-77.01112703623959,42.8933633080097
9,69,-77.01112652,42.89333957,-77.0111267140186,42.89334855198728,-77.01112632091663,42.89333054998926
9,70,-77.01112612,42.89332153,-77.01112632091663,42.89333054998926,-77.01112595788308,42.893313924966215
9,71,-77.01112579,42.89330632,-77.01112595788308,42.893313924966215,-77.01112559397757,42.893297260011984
9,72,-77.0111254,42.8932882,-77.01112559397757,42.893297260011984,-77.01112521347538,42.89327983501787
9,73,-77.01112503,42.89327147,-77.01112521347538,42.89327983501787,-77.01112484705675,42.8932630549759
9,74,-77.01112466,42.89325464,-77.01112484705675,42.8932630549759,-77.01112446716637,42.89324565799883
9,76,-77.01112396,42.89322255,-77.01112415870146,42.89323153193239,-77.01112376643088,42.89321356800745
9,82,-77.01112183,42.89312496,-77.01112202767044,42.893133941944484,-77.01112173346749,42.89312046900077
10,2,-77.01111642,42.89455122,-77.01111651109544,42.89455571106099,-77.0111161878476,42.89454044160727
10,3,-77.01111588,42.89452587,-77.01111610754799,42.89453664844504,-77.01111572504671,42.89451857999947
10,4,-77.01111557,42.89451129,-77.01111572504671,42.89451857999947,-77.01111540422202,42.89450342500884
10,5,-77.01111524,42.89449556,-77.01111540422202,42.89450342500884,-77.01111504889082,42.8944866400126
10,6,-77.01111486,42.89447772,-77.01111504889082,42.8944866400126,-77.01111466991216,42.89446873796774
10,10,-77.01111354,42.89441521,-77.0111137268945,42.894424192068534,-77.01111332071227,42.89440500499191
10,11,-77.0111131,42.8943948,-77.01111332071227,42.89440500499191,-77.01111294992738,42.894387490000824
10,12,-77.0111128,42.89438018,-77.01111294992738,42.894387490000824,-77.01111260503316,42.89437119802318
10,14,-77.01111211,42.8943476,-77.01111229561995,42.89435658208302,-77.0111119378106,42.89433968002488
10,15,-77.01111177,42.89433176,-77.0111119378106,42.89433968002488,-77.01111158000123,42.894322777966735
10,19,-77.01111036,42.89426497,-77.01111054637794,42.89427395207441,-77.01111017374983,42.8942563500142
10,20,-77.01110999,42.89424773,-77.01111017374983,42.8942563500142,-77.01110983620039,42.894240404986355
10,21,-77.01110968,42.89423308,-77.01110983620039,42.894240404986355,-77.01110949098751,42.89422409795552
10,23,-77.011109,42.8942007,-77.0111091858096,42.89420968208086,-77.01110881625155,42.894192225042595
10,24,-77.01110864,42.89418375,-77.01110881625155,42.894192225042595,-77.01110845213468,42.89417502503256
10,25,-77.01110827,42.8941663,-77.01110845213468,42.89417502503256,-77.0111080772843,42.8941573179976
10,27,-77.01110762,42.89413558,-77.01110780724665,42.89414456206453,-77.01110744308674,42.894127360021734
10,28,-77.01110727,42.89411914,-77.01110744308674,42.894127360021734,-77.01110709145931,42.89411074998342
10,29,-77.01110691,42.89410236,-77.01110709145931,42.89411074998342,-77.01110674099714,42.89409419498867
10,30,-77.01110657,42.89408603,-77.01110674099714,42.89409419498867,-77.01110639889734,42.89407803501253
10,31,-77.01110623,42.89407004,-77.01110639889734,42.89407803501253,-77.01110604250792,42.89406120002832
10,32,-77.01110586,42.89405236,-77.01110604250792,42.89406120002832,-77.01110568886986,42.89404449501284
10,33,-77.01110552,42.89403663,-77.01110568886986,42.89404449501284,-77.01110535195536,42.894028579977785
10,34,-77.01110518,42.89402053,-77.01110535195536,42.894028579977785,-77.01110495336546,42.89400975154458
10,35,-77.01110263,42.89390006,-77.01110285941691,42.89391083842381,-77.01110244876087,42.89389144001408
10,36,-77.01110227,42.89388282,-77.01110244876087,42.89389144001408,-77.01110208686747,42.89387434503559
10,37,-77.01110191,42.89386587,-77.01110208686747,42.89387434503559,-77.0111017204213,42.893857034995214
10,38,-77.01110153,42.8938482,-77.0111017204213,42.893857034995214,-77.01110134324162,42.893839217929916
10,40,-77.01110086,42.89381641,-77.01110105055317,42.89382539202697,-77.01110069761283,42.89380871997031
10,41,-77.01110053,42.89380103,-77.01110069761283,42.89380871997031,-77.01110034577496,42.893792099991195
10,42,-77.01110016,42.89378317,-77.01110034577496,42.893792099991195,-77.01109997139213,42.893774415040994
10,43,-77.01109979,42.89376566,-77.01109997139213,42.893774415040994,-77.01109961955305,42.89375779500508
10,44,-77.01109945,42.89374993,-77.01109961955305,42.89375779500508,-77.01109929216497,42.8937423299754
10,45,-77.01109913,42.89373473,-77.01109929216497,42.8937423299754,-77.0110989430785,42.89372583996502
10,46,-77.01109875,42.89371695,-77.0110989430785,42.89372583996502,-77.01109859081734,42.89370919999072
10,47,-77.01109843,42.89370145,-77.01109859081734,42.89370919999072,-77.01109826681798,42.89369389503616
10,48,-77.01109811,42.89368634,-77.01109826681798,42.89369389503616,-77.01109791673606,42.893677358003835
10,50,-77.01109742,42.89365369,-77.01109760584134,42.8936626720805,-77.0110972387172,42.89364533001458
10,51,-77.01109706,42.89363697,-77.0110972387172,42.89364533001458,-77.0110968866665,42.893628699981065
10,52,-77.01109671,42.89362043,-77.0110968866665,42.893628699981065,-77.01109652144837,42.89361144795029
10,54,-77.01109598,42.89358608,-77.01109617456439,42.893595061981394,-77.01109584522968,42.89357950499739
10,55,-77.01109571,42.89357293,-77.01109584522968,42.89357950499739,-77.01109551589497,42.89356394801339
10,57,-77.01109498,42.89353844,-77.01109516604797,42.89354742207816,-77.01109478575643,42.89352945801496
10,60,-77.01109393,42.89348901,-77.0110941196351,42.8934979920374,-77.01109373934355,42.893480027974206
10,62,-77.0110932,42.89345436,-77.01109338611025,42.893463342077446,-77.0110930058187,42.893445378014256
10,65,-77.01109221,42.89340779,-77.01109240024222,42.8934167720305,-77.01109203597649,42.893399564988904
10,66,-77.01109186,42.89339134,-77.01109203597649,42.893399564988904,-77.01109168318503,42.89338289996381
10,67,-77.0110915,42.89337446,-77.01109168318503,42.89338289996381,-77.01109133589873,42.893366494989785
10,68,-77.01109117,42.89335853,-77.01109133589873,42.893366494989785,-77.01109099591538,42.8933504349896
10,69,-77.01109082,42.89334234,-77.01109099591538,42.8933504349896,-77.01109064809876,42.89333400496479
10,70,-77.01109047,42.89332567,-77.01109064809876,42.89333400496479,-77.01109028150495,42.89331668794965
10,72,-77.0110898,42.89329389,-77.01108998902812,42.8933028720443,-77.01108962095158,42.893285484989185
10,73,-77.01108944,42.89327708,-77.01108962095158,42.893285484989185,-77.01108928170899,42.89326945998058
10,74,-77.01108912,42.89326184,-77.01108928170899,42.89326945998058,-77.01108892341476,42.893252535018014
10,75,-77.01108873,42.89324323,-77.01108892341476,42.893252535018014,-77.01108857041164,42.89323585999532
10,76,-77.01108841,42.89322849,-77.01108857041164,42.89323585999532,-77.01108822746407,42.893219659972004
10,77,-77.01108804,42.89321083,-77.01108822746407,42.893219659972004,-77.01108785551513,42.89320208999415
10,78,-77.01108767,42.89319335,-77.01108785551513,42.89320208999415,-77.01108751288622,42.89318590502402
10,79,-77.01108736,42.89317846,-77.01108751288622,42.89318590502402,-77.01108717226793,42.893169815031044
10,80,-77.01108699,42.89316117,-77.01108717226793,42.893169815031044,-77.01108683366027,42.89315382001522
10,81,-77.01108668,42.89314647,-77.01108683366027,42.89315382001522,-77.01108650627219,42.893138354985545
10,82,-77.01108633,42.89313024,-77.01108650627219,42.893138354985545,-77.01108623940745,42.89312574893329
11,1,-77.01107816,42.89456108,-77.01107825638668,42.89456557100079,-77.01107798556662,42.89455288499351
11,2,-77.01107781,42.89454469,-77.01107798556662,42.89455288499351,-77.01107764730817,42.89453703997356
11,3,-77.01107748,42.89452939,-77.01107764730817,42.89453703997356,-77.01107729762892,42.89452065996988
11,4,-77.01107711,42.89451193,-77.01107729762892,42.89452065996988,-77.01107692788263,42.894503339966974
11,5,-77.01107674,42.89449475,-77.01107692788263,42.894503339966974,-77.01107655275602,42.89448576793508
11,7,-77.01107605,42.89446222,-77.01107624180366,42.89447120201268,-77.01107587916623,42.89445421500955
11,8,-77.01107571,42.89444621,-77.01107587916623,42.89445421500955,-77.0110755562782,42.894439089985354
11,9,-77.0110754,42.89443197,-77.0110755562782,42.894439089985354,-77.01107518172857,42.8944215449802
11,10,-77.01107496,42.89441112,-77.01107518172857,42.8944215449802,-77.01107482404458,42.894404790010945
11,11,-77.01107469,42.89439846,-77.01107482404458,42.894404790010945,-77.01107450574646,42.894389879991444
11,12,-77.01107432,42.8943813,-77.01107450574646,42.894389879991444,-77.0110741354666,42.89437253499465
11,13,-77.01107395,42.89436377,-77.0110741354666,42.89437253499465,-77.01107376977664,42.89435540500256
11,14,-77.01107359,42.89434704,-77.01107376977664,42.89435540500256,-77.01107339945338,42.89433805797292
11,16,-77.01107286,42.89431299,-77.01107305605031,42.894321971964025,-77.01107270397996,42.8943054799544
11,17,-77.01107254,42.89429797,-77.01107270397996,42.8943054799544,-77.0110723791711,42.894290264952204
11,18,-77.01107221,42.89428256,-77.0110723791711,42.894290264952204,-77.01107203856493,42.89427430995915
11,19,-77.01107186,42.89426606,-77.01107203856493,42.89427430995915,-77.01107167069732,42.89425707795866
11,21,-77.01107115,42.89423291,-77.01107134650758,42.894241891958785,-77.01107098899362,42.89422514495424
11,22,-77.01107082,42.89421738,-77.01107098899362,42.89422514495424,-77.01107063461897,42.89420854500437
11,23,-77.01107045,42.89419971,-77.01107063461897,42.89420854500437,-77.01107028824906,42.89419232002006
11,24,-77.01107013,42.89418493,-77.01107028824906,42.89419232002006,-77.01106996269198,42.89417706996916
11,25,-77.01106979,42.89416921,-77.01106996269198,42.89417706996916,-77.01106961237244,42.89416065997282
11,26,-77.01106943,42.89415211,-77.01106961237244,42.89416065997282,-77.01106925564886,42.89414394999257
11,27,-77.01106908,42.89413579,-77.01106925564886,42.89414394999257,-77.01106889785694,42.894127189967264
11,28,-77.01106871,42.89411859,-77.01106889785694,42.894127189967264,-77.0110685377173,42.89411031996887
11,29,-77.01106836,42.89410205,-77.0110685377173,42.89411031996887,-77.01106818793134,42.89409393496641
11,30,-77.01106801,42.89408582,-77.01106818793134,42.89409393496641,-77.01106785116811,42.89407815998661
11,31,-77.01106769,42.8940705,-77.01106785116811,42.89407815998661,-77.0110674963666,42.894061540041626
11,32,-77.01106731,42.89405258,-77.0110674963666,42.894061540041626,-77.0110671181875,42.894043825020766
11,33,-77.01106693,42.89403507,-77.0110671181875,42.894043825020766,-77.01106677907534,42.894027940010595
11,34,-77.01106663,42.89402081,-77.01106677907534,42.894027940010595,-77.01106639676817,42.894010031619935
11,35,-77.01106406,42.89390055,-77.01106428965872,42.893911328421005,-77.01106386219949,42.8938913049748
11,36,-77.01106366,42.89388206,-77.01106386219949,42.8938913049748,-77.0110634940539,42.89387405995355
11,37,-77.01106332,42.89386606,-77.0110634940539,42.89387405995355,-77.01106316390813,42.893858594955226
11,38,-77.011063,42.89385113,-77.01106316390813,42.893858594955226,-77.01106281988714,42.89384248000129
11,39,-77.01106264,42.89383383,-77.01106281988714,42.89384248000129,-77.011062461136,42.89382567504427
11,40,-77.01106229,42.89381752,-77.011062461136,42.89382567504427,-77.01106209529594,42.89380853802055
11,42,-77.01106155,42.89378312,-77.01106174442049,42.8937921019827,-77.01106139555277,42.893775759993666
11,43,-77.01106124,42.8937684,-77.01106139555277,42.893775759993666,-77.01106104668504,42.893759418004635
11,45,-77.01106053,42.89373506,-77.01106071844019,42.89374404205121,-77.01106035089272,42.89372682504706
11,46,-77.01106018,42.89371859,-77.01106035089272,42.89372682504706,-77.01106001146042,42.89371092504056
11,47,-77.01105985,42.89370326,-77.01106001146042,42.89371092504056,-77.01105966978591,42.89369492000245
11,48,-77.01105949,42.89368658,-77.01105966978591,42.89369492000245,-77.01105931839801,42.893678459961066
11,49,-77.01105914,42.89367034,-77.01105931839801,42.893678459961066,-77.01105897608444,42.893662424987575
11,50,-77.01105881,42.89365451,-77.01105897608444,42.893662424987575,-77.0110586225635,42.89364586502791
11,51,-77.01105844,42.89363722,-77.0110586225635,42.89364586502791,-77.01105826199702,42.89362897503441
11,52,-77.01105809,42.89362073,-77.01105826199702,42.89362897503441,-77.01105790335139,42.89361217501889
11,53,-77.01105772,42.89360362,-77.01105790335139,42.89361217501889,-77.01105756370565,42.89359626501483
11,54,-77.01105741,42.89358891,-77.01105756370565,42.89359626501483,-77.01105721494466,42.89357992802458
11,56,-77.01105669,42.89355518,-77.0110568783737,42.89356416205198,-77.01105652032494,42.89354738999628
11,57,-77.01105635,42.8935396,-77.01105652032494,42.89354738999628,-77.01105617363368,42.89353114995836
11,58,-77.01105599,42.8935227,-77.01105617363368,42.89353114995836,-77.01105582256714,42.893514704970585
11,59,-77.01105565,42.89350671,-77.01105582256714,42.893514704970585,-77.01105549669113,42.89349943998062
11,60,-77.01105534,42.89349217,-77.01105549669113,42.89349943998062,-77.01105515181521,42.893483284979204
11,61,-77.01105496,42.8934744,-77.01105515181521,42.893483284979204,-77.0110547703913,42.893465417962176
11,64,-77.01105395,42.89342683,-77.01105413836626,42.89343581205207,-77.01105377199262,42.893418650034455
11,65,-77.0110536,42.89341047,-77.01105377199262,42.893418650034455,-77.0110534035269,42.89340139001688
11,66,-77.01105321,42.89339231,-77.0110534035269,42.89340139001688,-77.01105301793993,42.893383327990264
11,70,-77.01105183,42.89332752,-77.01105201830286,42.89333650205279,-77.01105160613811,42.89331719504425
11,71,-77.01105139,42.89330687,-77.01105160613811,42.89331719504425,-77.01105124994689,42.893300510000614
11,72,-77.01105111,42.89329415,-77.01105124994689,42.893300510000614,-77.01105095214265,42.89328655997545
11,73,-77.01105079,42.89327897,-77.01105095214265,42.89328655997545,-77.01105061943575,42.893270975006466
11,74,-77.01105045,42.89326298,-77.01105061943575,42.893270975006466,-77.0110502355996,42.893252994993134
11,75,-77.01105002,42.89324301,-77.0110502355996,42.893252994993134,-77.0110498621171,42.893235499975745
11,76,-77.0110497,42.89322799,-77.0110498621171,42.893235499975745,-77.01104951004676,42.89321900796612
11,80,-77.01104831,42.8931627,-77.01104849973589,42.89317168203637,-77.01104821211474,42.893158209016384
12,1,-77.01103816,42.89456122,-77.01103824519465,42.89456571112223,-77.01103800882271,42.894553355012086
12,2,-77.01103786,42.89454549,-77.01103800882271,42.894553355012086,-77.01103769116918,42.894536749988
12,3,-77.01103752,42.89452801,-77.01103769116918,42.894536749988,-77.01103735214299,42.89451902772954
12,5,-77.01103688,42.89449433,-77.01103705150611,42.894503312233,-77.0110367205149,42.894486009994715
12,6,-77.01103656,42.89447769,-77.0110367205149,42.894486009994715,-77.01103643002646,42.89447082499973
12,7,-77.0110363,42.89446396,-77.01103643002646,42.89447082499973,-77.01103612672054,42.894454969982334
12,8,-77.01103595,42.89444598,-77.01103612672054,42.894454969982334,-77.0110358056243,42.89443818499359
12,9,-77.01103566,42.89443039,-77.0110358056243,42.89443818499359,-77.01103551131064,42.89442280003788
12,10,-77.01103537,42.89441521,-77.01103551131064,42.89442280003788,-77.01103520169208,42.89440661503396
12,11,-77.01103504,42.89439802,-77.01103520169208,42.89440661503396,-77.01103487437786,42.89438950500639
12,12,-77.01103471,42.89438099,-77.01103487437786,42.89438950500639,-77.01103453965605,42.89437200775507
12,14,-77.01103409,42.89434876,-77.01103426675608,42.894357742179096,-77.01103392074883,42.89433965499231
12,15,-77.01103375,42.89433055,-77.01103392074883,42.89433965499231,-77.01103361734826,42.894323795027226
12,16,-77.01103349,42.89431704,-77.01103361734826,42.894323795027226,-77.01103332245984,42.89430838002608
12,17,-77.01103316,42.89429972,-77.01103332245984,42.89430838002608,-77.01103298496473,42.89429073780323
12,19,-77.01103254,42.89426756,-77.0110327134036,42.894276542213525,-77.01103238432599,42.89425934000692
12,20,-77.01103223,42.89425112,-77.01103238432599,42.89425934000692,-77.0110320637079,42.89424258001327
12,21,-77.0110319,42.89423404,-77.0110320637079,42.89424258001327,-77.01103175179321,42.89422627498159
12,22,-77.0110316,42.89421851,-77.01103175179321,42.89422627498159,-77.01103143815718,42.89420987996758
12,23,-77.01103127,42.89420125,-77.01103143815718,42.89420987996758,-77.01103113054785,42.894193799994376
12,24,-77.01103099,42.89418635,-77.01103113054785,42.894193799994376,-77.01103082360794,42.89417775501429
12,25,-77.01103066,42.89416916,-77.01103082360794,42.89417775501429,-77.01103050490248,42.894161095000996
12,26,-77.01103035,42.89415303,-77.01103050490248,42.894161095000996,-77.01103017978875,42.894144100002165
12,27,-77.01103001,42.89413517,-77.01103017978875,42.894144100002165,-77.01102983712859,42.89412618778101
12,29,-77.01102939,42.89410283,-77.01102956212473,42.894111812226654,-77.01102923553353,42.89409473999452
12,30,-77.01102908,42.89408665,-77.01102923553353,42.89409473999452,-77.01102893433247,42.89407899500686
12,31,-77.01102879,42.89407134,-77.01102893433247,42.89407899500686,-77.01102861606313,42.89406235779196
12,33,-77.01102813,42.89403704,-77.01102830356406,42.894046022211874,-77.01102797917335,42.89402906500849
12,34,-77.01102783,42.89402109,-77.01102797917335,42.89402906500849,-77.0110276204167,42.89401031135917
12,35,-77.01102549,42.89389909,-77.01102569895116,42.89390986864732,-77.01102533808964,42.893891004968275
12,36,-77.01102518,42.89388292,-77.01102533808964,42.893891004968275,-77.01102503430654,42.89387512500712
12,37,-77.01102489,42.89386733,-77.01102503430654,42.89387512500712,-77.01102471646273,42.89385851003632
12,38,-77.01102455,42.89384969,-77.01102471646273,42.89385851003632,-77.01102438962666,42.893841425003835
12,39,-77.01102423,42.89383316,-77.01102438962666,42.893841425003835,-77.01102409885135,42.89382622501179
12,40,-77.01102397,42.89381929,-77.01102409885135,42.89382622501179,-77.01102378550219,42.89380984499485
12,41,-77.0110236,42.8938004,-77.01102378550219,42.89380984499485,-77.01102345120592,42.89379236998762
12,42,-77.0110233,42.89378434,-77.01102345120592,42.89379236998762,-77.01102313996164,42.893776100000395
12,43,-77.01102298,42.89376786,-77.01102313996164,42.893776100000395,-77.01102281857752,42.89375929996327
12,44,-77.01102265,42.89375074,-77.01102281857752,42.89375929996327,-77.01102248299503,42.89374175772078
12,46,-77.01102203,42.89371815,-77.01102220320963,42.89372713221551,-77.01102185955015,42.89370916775615
12,48,-77.01102143,42.89368657,-77.01102159908615,42.893695552257846,-77.01102126350366,42.893678010015364
12,49,-77.0110211,42.89366945,-77.01102126350366,42.893678010015364,-77.01102094766811,42.893661500023946
12,50,-77.0110208,42.89365355,-77.01102094766811,42.893661500023946,-77.01102061844126,42.893644290016006
12,51,-77.01102044,42.89363503,-77.01102061844126,42.893644290016006,-77.0110202928484,42.89362726997076
12,52,-77.01102014,42.89361951,-77.0110202928484,42.89362726997076,-77.01101999375122,42.89361163496149
12,53,-77.01101984,42.89360376,-77.01101999375122,42.89361163496149,-77.01101968413364,42.893595450008895
12,54,-77.01101953,42.89358714,-77.01101968413364,42.893595450008895,-77.01101938771512,42.89357995502346
12,55,-77.01101925,42.89357277,-77.01101938771512,42.89357995502346,-77.01101907843608,42.89356378776759
12,57,-77.01101855,42.89353613,-77.01101872117383,42.89354511223642,-77.01101839783506,42.893528210022225
12,58,-77.01101825,42.89352029,-77.01101839783506,42.893528210022225,-77.01101807449629,42.89351130780804
12,60,-77.01101762,42.89348758,-77.01101779241378,42.89349656222368,-77.01101744875432,42.89347859776432
12,63,-77.01101672,42.89344061,-77.01101689387905,42.89344959220864,-77.01101655021958,42.89343162774928
12,65,-77.01101606,42.89340601,-77.01101623198264,42.89341499222811,-77.01101588832316,42.89339702776875
12,68,-77.01101516,42.8933587,-77.01101532694499,42.89336768227983,-77.01101496505808,42.8933487649994
12,69,-77.01101477,42.89333883,-77.01101496505808,42.8933487649994,-77.0110146357356,42.893331549992446
12,70,-77.0110145,42.89332427,-77.0110146357356,42.893331549992446,-77.01101431683985,42.89331488003245
12,71,-77.01101414,42.89330549,-77.01101431683985,42.89331488003245,-77.01101399641303,42.89329813003683
12,72,-77.01101386,42.89329077,-77.01101399641303,42.89329813003683,-77.01101369444594,42.89328234500569
12,73,-77.01101353,42.89327392,-77.01101369444594,42.89328234500569,-77.01101338817446,42.89326633496741
12,74,-77.01101324,42.89325875,-77.01101338817446,42.89326633496741,-77.01101306392141,42.89324938495974
12,75,-77.01101288,42.89324002,-77.01101306392141,42.89324938495974,-77.01101271293939,42.89323103772136
12,77,-77.01101223,42.89320586,-77.01101240311995,42.89321484221643,-77.01101212052787,42.893200069994585
12,78,-77.01101201,42.89319428,-77.01101212052787,42.893200069994585,-77.01101184888269,42.89318587001147
12,79,-77.01101169,42.89317746,-77.01101184888269,42.89318587001147,-77.01101154548113,42.89317000999506
12,80,-77.0110114,42.89316256,-77.01101154548113,42.89317000999506,-77.0110112437053,42.893154234961955
12,81,-77.01101108,42.89314591,-77.0110112437053,42.893154234961955,-77.01101093600035,42.89313814998973
12,82,-77.01101079,42.89313039,-77.01101093600035,42.89313814998973,-77.01101070163762,42.89312589891029
13,1,-77.01100322,42.89456166,-77.01100330750731,42.894566151098495,-77.01100306001905,42.894553679999795
13,2,-77.0110029,42.8945457,-77.01100306001905,42.894553679999795,-77.01100272245603,42.89453666997384
13,3,-77.01100254,42.89452764,-77.01100272245603,42.89453666997384,-77.01100239531257,42.89452018499667
13,4,-77.01100225,42.89451273,-77.01100239531257,42.89452018499667,-77.01100207819081,42.89450420501927
13,5,-77.01100191,42.89449568,-77.01100207819081,42.89450420501927,-77.01100174052858,42.89448718999437
13,6,-77.01100157,42.8944787,-77.01100174052858,42.89448718999437,-77.01100139379417,42.8944697178157
13,8,-77.01100096,42.89444806,-77.01100114224569,42.894457042119974,-77.01100079848845,42.89443971996285
13,9,-77.01100063,42.89443138,-77.01100079848845,42.89443971996285,-77.01100048216031,42.89442377997699
13,10,-77.01100033,42.89441618,-77.01100048216031,42.89442377997699,-77.01100017218228,42.894408159976756
13,11,-77.01100001,42.89440014,-77.01100017218228,42.894408159976756,-77.01099984116881,42.89439147998755
13,12,-77.01099967,42.89438282,-77.01099984116881,42.89439147998755,-77.01099950291243,42.894374435022236
13,13,-77.01099934,42.89436605,-77.01099950291243,42.894374435022236,-77.01099917795145,42.89435806002182
13,14,-77.01099902,42.89435007,-77.01099917795145,42.89435806002182,-77.01099882352062,42.89434020001576
13,15,-77.01099863,42.89433033,-77.01099882352062,42.89434020001576,-77.01099847385264,42.89432258001222
13,16,-77.01099832,42.89431483,-77.01099847385264,42.89432258001222,-77.01099817637638,42.89430758998534
13,17,-77.01099803,42.89430035,-77.01099817637638,42.89430758998534,-77.01099787969481,42.89429264000325
13,18,-77.01099773,42.89428493,-77.01099787969481,42.89429264000325,-77.01099755403942,42.89427623001023
13,19,-77.01099738,42.89426753,-77.01099755403942,42.89427623001023,-77.01099721141594,42.89425896498492
13,20,-77.01099704,42.8942504,-77.01099721141594,42.89425896498492,-77.01099688268417,42.89424239997141
13,21,-77.01099672,42.8942344,-77.01099688268417,42.89424239997141,-77.01099656387488,42.89422633495873
13,22,-77.0109964,42.89421827,-77.01099656387488,42.89422633495873,-77.01099622730496,42.89420937497545
13,23,-77.01099605,42.89420048,-77.01099622730496,42.89420937497545,-77.01099589668831,42.89419271498202
13,24,-77.01099574,42.89418495,-77.01099589668831,42.89419271498202,-77.01099557758143,42.8941766349725
13,25,-77.01099541,42.89416832,-77.01099557758143,42.8941766349725,-77.01099528258632,42.894161769972456
13,26,-77.01099515,42.89415522,-77.01099528258632,42.894161769972456,-77.01099496308261,42.894145669967166
13,27,-77.01099477,42.89413612,-77.01099496308261,42.894145669967166,-77.01099459595159,42.894127169989865
13,28,-77.01099442,42.89411822,-77.01099459595159,42.894127169989865,-77.01099424008937,42.89410923785516
13,30,-77.01099383,42.89408866,-77.01099400997313,42.894097642144175,-77.01099365698782,42.89407985497883
13,31,-77.01099348,42.89407105,-77.01099365698782,42.89407985497883,-77.01099329074964,42.89406139999202
13,32,-77.0109931,42.89405175,-77.01099329074964,42.89406139999202,-77.01099296023219,42.89404474499753
13,33,-77.01099282,42.89403774,-77.01099296023219,42.89404474499753,-77.01099264296764,42.89402875782451
13,37,-77.0109894,42.89386554,-77.01098958216865,42.89387452212079,-77.01098926401126,42.893858489957275
13,38,-77.01098912,42.89385144,-77.01098926401126,42.893858489957275,-77.01098895671278,42.89384300498176
13,39,-77.01098879,42.89383457,-77.01098895671278,42.89384300498176,-77.01098863016455,42.893826549998245
13,40,-77.01098847,42.89381853,-77.01098863016455,42.893826549998245,-77.01098830738606,42.893810284974585
13,41,-77.01098814,42.89380204,-77.01098830738606,42.893810284974585,-77.01098797240338,42.8937934049744
13,42,-77.0109878,42.89378477,-77.01098797240338,42.8937934049744,-77.01098766024288,42.893777674997416
13,43,-77.01098752,42.89377058,-77.01098766024288,42.893777674997416,-77.01098733746544,42.893761410027
13,44,-77.01098716,42.89375224,-77.01098733746544,42.893761410027,-77.01098699136983,42.89374397003866
13,45,-77.01098683,42.8937357,-77.01098699136983,42.89374397003866,-77.01098664854796,42.89372669501547
13,46,-77.01098647,42.89371769,-77.01098664854796,42.89372669501547,-77.01098634114922,42.89371120498776
13,47,-77.01098621,42.89370472,-77.01098634114922,42.89371120498776,-77.01098603295685,42.893695674968505
13,48,-77.01098585,42.89368663,-77.01098603295685,42.893695674968505,-77.01098567217592,42.89367749497682
13,49,-77.01098549,42.89366836,-77.01098567217592,42.89367749497682,-77.01098534235291,42.893660874974934
13,50,-77.01098519,42.89365339,-77.01098534235291,42.893660874974934,-77.01098504358701,42.8936458199618
13,51,-77.01098489,42.89363825,-77.01098504358701,42.8936458199618,-77.01098471416186,42.893629220008926
13,52,-77.01098454,42.89362019,-77.01098471416186,42.893629220008926,-77.0109843726307,42.89361201002524
13,53,-77.01098421,42.89360383,-77.0109843726307,42.89361201002524,-77.01098404181458,42.89359533998067
13,54,-77.01098387,42.89358685,-77.01098404181458,42.89359533998067,-77.01098372766893,42.89357950997157
13,55,-77.01098358,42.89357217,-77.01098372766893,42.89357950997157,-77.01098345281642,42.89356565997
13,56,-77.01098332,42.89355915,-77.01098345281642,42.89356565997,-77.01098312716103,42.893549249976985
13,57,-77.01098293,42.89353935,-77.01098312716103,42.893549249976985,-77.01098276072443,42.893530784992286
13,58,-77.01098259,42.89352222,-77.01098276072443,42.893530784992286,-77.0109824343746,42.89351434000666
13,59,-77.01098228,42.89350646,-77.0109824343746,42.89351434000666,-77.0109821460272,42.89349980998906
13,60,-77.01098201,42.89349316,-77.0109821460272,42.89349980998906,-77.01098185440503,42.89348511495308
13,61,-77.01098169,42.89347707,-77.01098185440503,42.89348511495308,-77.01098148608357,42.89346655498846
13,62,-77.01098128,42.89345604,-77.01098148608357,42.89346655498846,-77.01098113095831,42.89344865998979
13,63,-77.01098098,42.89344128,-77.01098113095831,42.89344865998979,-77.01098083933614,42.893433964953815
13,64,-77.01098069,42.89342665,-77.01098083933614,42.893433964953815,-77.01098052568756,42.89341815999268
13,65,-77.01098036,42.89340967,-77.01098052568756,42.89341815999268,-77.01098016738779,42.89340010502782
13,66,-77.01097998,42.89339054,-77.01098016738779,42.89340010502782,-77.0109798075989,42.89338197502558
13,67,-77.01097964,42.89337341,-77.0109798075989,42.89338197502558,-77.01097948531643,42.89336573499663
13,68,-77.01097933,42.89335806,-77.01097948531643,42.89336573499663,-77.01097915360748,42.893349019961576
13,69,-77.01097897,42.89333998,-77.01097915360748,42.893349019961576,-77.01097879595854,42.893330997792646
13,72,-77.01097807,42.8932944,-77.01097824792797,42.89330338216596,-77.01097788174539,42.89328492998141
13,73,-77.01097769,42.89327546,-77.01097788174539,42.89328492998141,-77.01097752334535,42.893266869964364
13,74,-77.01097735,42.89325828,-77.01097752334535,42.893266869964364,-77.01097721098643,42.893251129989494
13,75,-77.01097707,42.89324398,-77.01097721098643,42.893251129989494,-77.01097691976213,42.89323645500254
13,76,-77.01097677,42.89322893,-77.01097691976213,42.89323645500254,-77.01097661494374,42.8932210950006
13,77,-77.01097646,42.89321326,-77.01097661494374,42.8932210950006,-77.01097628611276,42.89320452498815
13,78,-77.01097611,42.89319579,-77.01097628611276,42.89320452498815,-77.01097591074571,42.89318560999206
13,79,-77.01097571,42.89317543,-77.01097591074571,42.89318560999206,-77.01097553047408,42.89316644785106
13,81,-77.01097512,42.89314575,-77.01097529797696,42.893154732165435,-77.0109749438012,42.893136885012765
13,82,-77.01097477,42.89312802,-77.0109749438012,42.893136885012765,-77.01097467875071,42.89312352894136
14,1,-77.01096676,42.89456473,-77.0109668557184,42.89456922100848,-77.0109665763015,42.89455598998525
14,2,-77.01096639,42.89454725,-77.0109665763015,42.89455598998525,-77.01096620662533,42.89453848498158
14,3,-77.01096602,42.89452972,-77.01096620662533,42.89453848498158,-77.01096585553363,42.89452185999395
14,4,-77.01096569,42.894514,-77.01096585553363,42.89452185999395,-77.01096552460987,42.89450619000442
14,5,-77.01096536,42.89449838,-77.01096552460987,42.89450619000442,-77.01096515165996,42.89448852998119
14,6,-77.01096494,42.89447868,-77.01096515165996,42.89448852998119,-77.01096480077939,42.894471914991165
14,7,-77.01096466,42.89446515,-77.01096480077939,42.894471914991165,-77.01096447788106,42.89445662502402
14,8,-77.0109643,42.8944481,-77.01096447788106,42.89445662502402,-77.0109641341802,42.89444035000929
14,9,-77.01096397,42.8944326,-77.0109641341802,42.89444035000929,-77.01096380906378,42.894424955010614
14,10,-77.01096365,42.89441731,-77.01096380906378,42.894424955010614,-77.01096347454957,42.89440911500511
14,11,-77.0109633,42.89440092,-77.01096347454957,42.89440911500511,-77.01096311078632,42.89439188999109
14,12,-77.01096292,42.89438286,-77.01096311078632,42.89439188999109,-77.0109627406879,42.8943743649922
14,13,-77.01096256,42.89436587,-77.0109627406879,42.8943743649922,-77.01096237745249,42.894357164972206
14,14,-77.01096219,42.89434846,-77.01096237745249,42.894357164972206,-77.0109620128447,42.89433989996776
14,15,-77.01096183,42.89433134,-77.0109620128447,42.89433989996776,-77.01096169775948,42.89432497996872
14,16,-77.01096156,42.89431862,-77.01096169775948,42.89432497996872,-77.0109613872148,42.89431027497489
14,17,-77.01096121,42.89430193,-77.0109613872148,42.89431027497489,-77.01096103939685,42.89429380500684
14,18,-77.01096087,42.89428568,-77.01096103939685,42.89429380500684,-77.01096066275213,42.89427597002548
14,19,-77.01096046,42.89426626,-77.01096066275213,42.89427597002548,-77.01096029275926,42.8942584500254
14,20,-77.01096013,42.89425064,-77.01096029275926,42.8942584500254,-77.01095993813975,42.894241657987834
14,22,-77.01095947,42.89421938,-77.01095965735223,42.89422836206327,-77.010959268732,42.89420996001437
14,23,-77.01095907,42.89420054,-77.010959268732,42.89420996001437,-77.01095889050256,42.8941920499943
14,24,-77.01095871,42.89418356,-77.01095889050256,42.8941920499943,-77.01095852152244,42.89417457794949
14,26,-77.01095808,42.89415369,-77.01095827008955,42.894162672032245,-77.01095789540764,42.894144929995385
14,27,-77.01095771,42.89413617,-77.01095789540764,42.894144929995385,-77.01095752921637,42.894127590008885
14,28,-77.01095735,42.89411901,-77.01095752921637,42.894127590008885,-77.01095718287634,42.89411119002407
14,29,-77.01095702,42.89410337,-77.01095718287634,42.89411119002407,-77.01095686282831,42.89409603502462
14,30,-77.01095671,42.8940887,-77.01095686282831,42.89409603502462,-77.01095651823998,42.89407971798669
14,32,-77.01095598,42.89405414,-77.01095616776198,42.894063122058625,-77.01095581715516,42.89404652003225
14,33,-77.01095566,42.8940389,-77.01095581715516,42.89404652003225,-77.01095549541688,42.89403128499528
14,34,-77.01095533,42.89402367,-77.01095549541688,42.89403128499528,-77.01095510697735,42.89401289150368
14,35,-77.01095274,42.89390058,-77.0109529627715,42.89391135849917,-77.01095257464867,42.89389298000398
14,36,-77.01095241,42.89388538,-77.01095257464867,42.89389298000398,-77.01095226399724,42.8938782699547
14,37,-77.01095211,42.89387116,-77.01095226399724,42.8938782699547,-77.01095190393,42.893861219955454
14,38,-77.01095169,42.89385128,-77.01095190393,42.893861219955454,-77.01095152042227,42.89384305999521
14,39,-77.01095135,42.89383484,-77.01095152042227,42.89384305999521,-77.01095117957288,42.89382692000484
14,40,-77.01095101,42.893819,-77.01095117957288,42.89382692000484,-77.01095085762346,42.893811674970266
14,41,-77.0109507,42.89380435,-77.01095085762346,42.893811674970266,-77.0109504788662,42.89379373995618
14,42,-77.01095025,42.89378313,-77.0109504788662,42.89379373995618,-77.0109500651152,42.89377414790877
14,44,-77.01094959,42.89375151,-77.01094977672692,42.893760492070356,-77.01094943815707,42.89374446002089
14,45,-77.01094929,42.89373741,-77.01094943815707,42.89374446002089,-77.01094908358048,42.89372767001609
14,46,-77.01094888,42.89371793,-77.01094908358048,42.89372767001609,-77.0109487283705,42.89371085001847
14,47,-77.01094858,42.89370377,-77.0109487283705,42.89371085001847,-77.01094842468882,42.893696470003526
14,48,-77.01094827,42.89368917,-77.01094842468882,42.893696470003526,-77.01094807634185,42.89367997498479
14,49,-77.01094788,42.89367078,-77.01094807634185,42.89367997498479,-77.0109477087782,42.893662570013845
14,50,-77.01094754,42.89365436,-77.0109477087782,42.893662570013845,-77.01094735230143,42.89364569003059
14,51,-77.01094717,42.89363702,-77.01094735230143,42.89364569003059,-77.01094699529561,42.89362878499665
14,52,-77.01094682,42.89362055,-77.01094699529561,42.89362878499665,-77.01094664240809,42.89361207497271
14,53,-77.01094646,42.8936036,-77.01094664240809,42.89361207497271,-77.01094631074537,42.893596369991556
14,54,-77.01094616,42.89358914,-77.01094631074537,42.893596369991556,-77.0109459873192,42.89358105503039
14,55,-77.01094582,42.89357297,-77.0109459873192,42.89358105503039,-77.01094565766225,42.893565445026496
14,56,-77.0109455,42.89355792,-77.01094565766225,42.893565445026496,-77.01094530635821,42.8935488099846
14,57,-77.01094511,42.8935397,-77.01094530635821,42.8935488099846,-77.01094492580633,42.89353078999086
14,58,-77.01094474,42.89352188,-77.01094492580633,42.89353078999086,-77.01094458664721,42.893514730038
14,59,-77.01094444,42.89350758,-77.01094458664721,42.893514730038,-77.01094428581703,42.89350048504741
14,60,-77.01094414,42.89349339,-77.01094428581703,42.89350048504741,-77.0109439460233,42.89348439504508
14,61,-77.01094376,42.8934754,-77.0109439460233,42.89348439504508,-77.01094357286226,42.89346672502423
14,62,-77.01094339,42.89345805,-77.01094357286226,42.89346672502423,-77.01094321775784,42.89344991002542
14,63,-77.01094305,42.89344177,-77.01094321775784,42.89344991002542,-77.01094284343557,42.89343218501774
14,64,-77.01094264,42.8934226,-77.01094284343557,42.89343218501774,-77.01094245133044,42.893413617951666
14,66,-77.01094198,42.89339117,-77.01094216695368,42.893400152067784,-77.01094180029601,42.89338278999664
14,67,-77.01094162,42.89337441,-77.01094180029601,42.89338278999664,-77.01094145184346,42.893366289979106
14,68,-77.01094128,42.89335817,-77.01094145184346,42.893366289979106,-77.01094108174505,42.89334876498022
14,69,-77.01094088,42.89333936,-77.01094108174505,42.89334876498022,-77.01094075852882,42.893333459960004
14,70,-77.01094063,42.89332756,-77.01094075852882,42.893333459960004,-77.01094044481715,42.89331860500207
14,71,-77.01094026,42.89330965,-77.01094044481715,42.89331860500207,-77.010940071974,42.8933009500343
14,72,-77.01093989,42.89329225,-77.010940071974,42.8933009500343,-77.01093971190677,42.89328390003506
14,73,-77.01093954,42.89327555,-77.01093971190677,42.89328390003506,-77.01093939111978,42.893268710043984
14,74,-77.01093925,42.89326187,-77.01093939111978,42.893268710043984,-77.01093905698491,42.89325288800092
14,77,-77.01093817,42.89321105,-77.01093836312153,42.89322003199787,-77.01093798375058,42.89320206792423
14,80,-77.01093717,42.89316348,-77.01093735852444,42.89317246204998,-77.01093698542603,42.89315479499517
14,81,-77.0109368,42.89314611,-77.01093698542603,42.89315479499517,-77.01093660075587,42.893136579991435
14,82,-77.0109364,42.89312705,-77.01093660075587,42.893136579991435,-77.0109363046559,42.89312255898727
15,1,-77.01092686,42.89456464,-77.010926948324,42.89456913109122,-77.01092670954512,42.894556269954705
15,2,-77.01092655,42.8945479,-77.01092670954512,42.894556269954705,-77.0109263807433,42.8945385599926
15,3,-77.01092621,42.89452922,-77.0109263807433,42.8945385599926,-77.01092603300405,42.89451983001989
15,4,-77.01092586,42.89451044,-77.01092603300405,42.89451983001989,-77.01092573576311,42.894503819992394
15,5,-77.01092561,42.8944972,-77.01092573576311,42.894503819992394,-77.01092545987365,42.89448896000126
15,6,-77.01092531,42.89448072,-77.01092545987365,42.89448896000126,-77.01092516235518,42.89447293502636
15,7,-77.01092502,42.89446515,-77.01092516235518,42.89447293502636,-77.01092483763712,42.894455445023546
15,8,-77.01092466,42.89444574,-77.01092483763712,42.894455445023546,-77.01092454039616,42.89443943499605
15,9,-77.01092442,42.89443313,-77.01092454039616,42.89443943499605,-77.01092426302078,42.894424494969904
15,10,-77.0109241,42.89441586,-77.01092426302078,42.894424494969904,-77.01092395092799,42.89440768499075
15,11,-77.0109238,42.89439951,-77.01092395092799,42.89440768499075,-77.01092363038741,42.89439041999614
15,12,-77.01092346,42.89438133,-77.01092363038741,42.89439041999614,-77.01092331977962,42.8943736900022
15,13,-77.01092318,42.89436605,-77.01092331977962,42.8943736900022,-77.01092301307087,42.89435717001923
15,14,-77.01092285,42.89434829,-77.01092301307087,42.89435717001923,-77.01092268296877,42.89433939002024
15,15,-77.01092252,42.89433049,-77.01092268296877,42.89433939002024,-77.01092239306185,42.894323775019316
15,16,-77.01092227,42.89431706,-77.01092239306185,42.894323775019316,-77.01092212654737,42.89430941998458
15,17,-77.01092198,42.89430178,-77.01092212654737,42.89430941998458,-77.01092180043712,42.89429185499564
15,18,-77.01092162,42.89428193,-77.01092180043712,42.89429185499564,-77.01092144870601,42.894272910012894
15,19,-77.01092128,42.89426389,-77.01092144870601,42.894272910012894,-77.01092115313661,42.89425699001857
15,20,-77.01092103,42.89425009,-77.01092115313661,42.89425699001857,-77.01092085826797,42.89424110776858
15,22,-77.01092043,42.89421823,-77.01092060028475,42.89422721224584,-77.01092025138908,42.89420841998616
15,23,-77.01092007,42.89419861,-77.01092025138908,42.89420841998616,-77.01091994635097,42.89419198998654
15,24,-77.01091982,42.89418537,-77.01091994635097,42.89419198998654,-77.01091969274019,42.894178329972696
15,25,-77.01091956,42.89417129,-77.01091969274019,42.894178329972696,-77.01091938203957,42.89416159497968
15,26,-77.0109192,42.8941519,-77.01091938203957,42.89416159497968,-77.0109190352786,42.89414291769872
15,28,-77.01091861,42.89411999,-77.01091877636911,42.89412897228486,-77.01091844284042,42.89411100772302
15,30,-77.01091801,42.89408763,-77.01091817557597,42.89409661229276,-77.01091785090804,42.89407912499095
15,31,-77.01091769,42.89407062,-77.01091785090804,42.89407912499095,-77.01091752693249,42.89406167498074
15,32,-77.01091736,42.89405273,-77.01091752693249,42.89406167498074,-77.01091722319467,42.89404531501799
15,33,-77.01091709,42.8940379,-77.01091722319467,42.89404531501799,-77.01091693848618,42.894029980015084
15,34,-77.01091679,42.89402206,-77.01091693848618,42.894029980015084,-77.01091659132629,42.89401128124851
15,35,-77.01091459,42.89390355,-77.01091479131313,42.89391432872519,-77.01091444350449,42.893895595014904
15,36,-77.0109143,42.89388764,-77.01091444350449,42.893895595014904,-77.01091410588366,42.89387741004102
15,37,-77.01091392,42.89386718,-77.01091410588366,42.89387741004102,-77.01091378042217,42.893859879995794
15,38,-77.01091364,42.89385258,-77.01091378042217,42.893859879995794,-77.0109134974771,42.89384463997532
15,39,-77.01091335,42.8938367,-77.0109134974771,42.89384463997532,-77.01091320422894,42.89382884500768
15,40,-77.01091306,42.89382099,-77.01091320422894,42.89382884500768,-77.01091286864998,42.89381077001345
15,41,-77.01091268,42.89380055,-77.01091286864998,42.89381077001345,-77.01091251214184,42.893791567729984
15,43,-77.01091213,42.89377097,-77.01091229649035,42.89377995228365,-77.01091195381404,42.893761495011816
15,44,-77.01091178,42.89375202,-77.01091195381404,42.893761495011816,-77.01091161113774,42.89374303773999
15,46,-77.01091113,42.89371711,-77.01091129652968,42.89372609228325,-77.01091100555917,42.89371041999443
15,47,-77.01091088,42.89370373,-77.01091100555917,42.89371041999443,-77.01091070330634,42.893694140016876
15,48,-77.01091053,42.89368455,-77.01091070330634,42.893694140016876,-77.01091038239451,42.893676855025966
15,49,-77.01091024,42.89366916,-77.01091038239451,42.893676855025966,-77.01091007276499,42.893660177723774
15,53,-77.01090905,42.89360525,-77.01090921974485,42.893614232251224,-77.01090891160125,42.89359763498404
15,54,-77.01090877,42.89359002,-77.01090891160125,42.89359763498404,-77.0109086177962,42.89358181002196
15,55,-77.01090847,42.8935736,-77.0109086177962,42.89358181002196,-77.01090834070018,42.89356688504285
15,56,-77.01090822,42.89356017,-77.01090834070018,42.89356688504285,-77.01090801709587,42.89354945502894
15,57,-77.01090782,42.89353874,-77.01090801709587,42.89354945502894,-77.01090766879882,42.89353069501197
15,58,-77.01090752,42.89352265,-77.01090766879882,42.89353069501197,-77.01090735466323,42.893513775003356
15,59,-77.01090719,42.8935049,-77.01090735466323,42.893513775003356,-77.01090702312628,42.89349591772017
15,61,-77.01090663,42.89347496,-77.01090680079044,42.8934839422408,-77.01090646015693,42.89346559499843
15,62,-77.01090629,42.89345623,-77.01090646015693,42.89346559499843,-77.01090616523722,42.89344970999763
15,63,-77.01090604,42.89344319,-77.01090616523722,42.89344970999763,-77.01090586131285,42.89343333998692
15,64,-77.01090568,42.89342349,-77.01090586131285,42.89343333998692,-77.01090555664598,42.8934169299836
15,65,-77.01090543,42.89341037,-77.01090555664598,42.8934169299836,-77.01090526599656,42.89340127499007
15,66,-77.0109051,42.89339218,-77.01090526599656,42.89340127499007,-77.0109049347807,42.893383435002185
15,67,-77.01090477,42.89337469,-77.0109049347807,42.893383435002185,-77.0109046298354,42.89336701000164
15,68,-77.01090449,42.89335933,-77.0109046298354,42.89336701000164,-77.01090432048522,42.89335034774649
15,70,-77.01090391,42.89332806,-77.01090407345758,42.893337042313874,-77.01090373992889,42.89331907775203
15,72,-77.01090327,42.89329387,-77.01090343868768,42.893302852261755,-77.01090310515899,42.89328488769991
15,74,-77.01090268,42.89326188,-77.0109028447645,42.893270862300845,-77.01090250654411,42.89325264503443
15,75,-77.01090234,42.89324341,-77.01090250654411,42.89325264503443,-77.01090219844227,42.893236050015524
15,76,-77.01090206,42.89322869,-77.01090219844227,42.893236050015524,-77.01090189503209,42.89321970770118
15,78,-77.01090145,42.893196,-77.01090162164016,42.89320498223234,-77.01090128462634,42.893186829953905
15,79,-77.01090111,42.89317766,-77.01090128462634,42.893186829953905,-77.01090098729351,42.89317081497715
15,80,-77.01090086,42.89316397,-77.01090098729351,42.89317081497715,-77.01090077682797,42.89315947885745
